StableKey	sourceScanFile	suggestedPhase	confidence
CalamityMod/AbsorberAffliction	CalamityMod_buff_scan.json	CombatVisual	Medium
CalamityMod/AbsorberRegen	CalamityMod_buff_scan.json	Unknown	Low
CalamityMod/AbyssalDivingSuitBuff	CalamityMod_buff_scan.json	CombatVisual	Medium
CalamityMod/AbyssalMadness	CalamityMod_buff_scan.json	Unknown	Low
CalamityMod/AdrenalineMode	CalamityMod_buff_scan.json	CombatVisual	Medium
CalamityMod/AeolianEarthBuff	CalamityMod_buff_scan.json	Unknown	Low
CalamityMod/Afflicted	CalamityMod_buff_scan.json	Unknown	Low
CalamityMod/AkatoBuff	CalamityMod_buff_scan.json	CombatVisual	Medium
CalamityMod/AlcoholPoisoning	CalamityMod_buff_scan.json	Unknown	Low
CalamityMod/AmidiasBlessing	CalamityMod_buff_scan.json	Unknown	Low
CalamityMod/AmphibiansGuitarBuff	CalamityMod_buff_scan.json	Unknown	Low
CalamityMod/AndromedaBuff	CalamityMod_buff_scan.json	Unknown	Low
CalamityMod/AndromedaCripple	CalamityMod_buff_scan.json	Unknown	Low
CalamityMod/AndromedaSmallBuff	CalamityMod_buff_scan.json	Unknown	Low
CalamityMod/AnechoicCoatingBuff	CalamityMod_buff_scan.json	Unknown	Low
CalamityMod/AquaticHeartBuff	CalamityMod_buff_scan.json	Unknown	Low
CalamityMod/AquaticHeartWaterSpeed	CalamityMod_buff_scan.json	Unknown	Low
CalamityMod/ArcherofLunamoon	CalamityMod_buff_scan.json	CombatVisual	Medium
CalamityMod/ArmorCrunch	CalamityMod_buff_scan.json	Unknown	Low
CalamityMod/AstralInfectionDebuff	CalamityMod_buff_scan.json	CombatVisual	Medium
CalamityMod/AstralInjectionBuff	CalamityMod_buff_scan.json	Unknown	Low
CalamityMod/AstrophageBuff	CalamityMod_buff_scan.json	CombatVisual	Medium
CalamityMod/AuricRebuke	CalamityMod_buff_scan.json	CombatVisual	Medium
CalamityMod/AvertorBonus	CalamityMod_buff_scan.json	Unknown	Low
CalamityMod/BabyGhostBellBuff	CalamityMod_buff_scan.json	CombatVisual	Medium
CalamityMod/BaguetteBuff	CalamityMod_buff_scan.json	Unknown	Low
CalamityMod/BanishingFire	CalamityMod_buff_scan.json	Unknown	Low
CalamityMod/BaseSummonBuff	CalamityMod_buff_scan.json	Unknown	Low
CalamityMod/BearBuff	CalamityMod_buff_scan.json	CombatVisual	Medium
CalamityMod/BloodBound	CalamityMod_buff_scan.json	CombatVisual	Medium
CalamityMod/BloodfinBoost	CalamityMod_buff_scan.json	Unknown	Low
CalamityMod/BloodflareBloodFrenzy	CalamityMod_buff_scan.json	Unknown	Low
CalamityMod/BloodyMaryBuff	CalamityMod_buff_scan.json	Unknown	Low
CalamityMod/BlueCandleBuff	CalamityMod_buff_scan.json	Stat	Medium
CalamityMod/BossEffects	CalamityMod_buff_scan.json	Unknown	Low
CalamityMod/BoundingBuff	CalamityMod_buff_scan.json	Unknown	Low
CalamityMod/BrainRot	CalamityMod_buff_scan.json	CombatVisual	Medium
CalamityMod/BrimflameFrenzyBuff	CalamityMod_buff_scan.json	Unknown	Low
CalamityMod/BrimlingBuff	CalamityMod_buff_scan.json	CombatVisual	Medium
CalamityMod/BrimroseMount	CalamityMod_buff_scan.json	Unknown	Low
CalamityMod/BrimstoneFlames	CalamityMod_buff_scan.json	CombatVisual	Medium
CalamityMod/BumbledogeMount	CalamityMod_buff_scan.json	Unknown	Low
CalamityMod/BurningBlood	CalamityMod_buff_scan.json	CombatVisual	Medium
CalamityMod/BurrowerBuff	CalamityMod_buff_scan.json	CombatVisual	Medium
CalamityMod/CalciumBuff	CalamityMod_buff_scan.json	Unknown	Low
CalamityMod/CaribbeanRumBuff	CalamityMod_buff_scan.json	Unknown	Low
CalamityMod/CeaselessHunger	CalamityMod_buff_scan.json	Unknown	Low
CalamityMod/ChaosCandleBuff	CalamityMod_buff_scan.json	Unknown	Low
CalamityMod/ChibiiDoGBuff	CalamityMod_buff_scan.json	CombatVisual	Medium
CalamityMod/ChiBuff	CalamityMod_buff_scan.json	Unknown	Low
CalamityMod/ChiRegenBuff	CalamityMod_buff_scan.json	Unknown	Low
CalamityMod/CinnamonRollBuff	CalamityMod_buff_scan.json	Unknown	Low
CalamityMod/Clamity	CalamityMod_buff_scan.json	Unknown	Low
CalamityMod/ClassicSCalPetBuff	CalamityMod_buff_scan.json	CombatVisual	Medium
CalamityMod/CnidarianSummonTagBuff	CalamityMod_buff_scan.json	Unknown	Low
CalamityMod/CoralSymbiosis	CalamityMod_buff_scan.json	Unknown	Low
CalamityMod/CorruptionEffigyBuff	CalamityMod_buff_scan.json	Unknown	Low
CalamityMod/CosmicFreeze	CalamityMod_buff_scan.json	Unknown	Low
CalamityMod/CrimsonEffigyBuff	CalamityMod_buff_scan.json	Unknown	Low
CalamityMod/Crumbling	CalamityMod_buff_scan.json	Unknown	Low
CalamityMod/CrushDepth	CalamityMod_buff_scan.json	CombatVisual	Medium
CalamityMod/DannyDevito	CalamityMod_buff_scan.json	CombatVisual	Medium
CalamityMod/Daybroken	CalamityMod_buff_scan.json	CombatVisual	Medium
CalamityMod/DemonicFlames	CalamityMod_buff_scan.json	CombatVisual	Medium
CalamityMod/DivineBless	CalamityMod_buff_scan.json	Unknown	Low
CalamityMod/DoGExtremeGravity	CalamityMod_buff_scan.json	CombatVisual	Medium
CalamityMod/DraedonGamerChairBuff	CalamityMod_buff_scan.json	Unknown	Low
CalamityMod/Dragonfire	CalamityMod_buff_scan.json	CombatVisual	Medium
CalamityMod/Dreamfog	CalamityMod_buff_scan.json	CombatVisual	Medium
CalamityMod/EffigyOfDecayBuff	CalamityMod_buff_scan.json	Unknown	Low
CalamityMod/EidolonSnailBuff	CalamityMod_buff_scan.json	CombatVisual	Medium
CalamityMod/ElectricTroublemaker	CalamityMod_buff_scan.json	CombatVisual	Medium
CalamityMod/ElementalMix	CalamityMod_buff_scan.json	CombatVisual	Medium
CalamityMod/EmpyreanWrath	CalamityMod_buff_scan.json	Unknown	Low
CalamityMod/Encased	CalamityMod_buff_scan.json	Unknown	Low
CalamityMod/Enraged	CalamityMod_buff_scan.json	Unknown	Low
CalamityMod/Eutrophication	CalamityMod_buff_scan.json	CombatVisual	Medium
CalamityMod/EverclearBuff	CalamityMod_buff_scan.json	Unknown	Low
CalamityMod/EvergreenGinBuff	CalamityMod_buff_scan.json	Unknown	Low
CalamityMod/ExoskeletonCannons	CalamityMod_buff_scan.json	Unknown	Low
CalamityMod/ExoTankBuff	CalamityMod_buff_scan.json	Unknown	Low
CalamityMod/FireballBuff	CalamityMod_buff_scan.json	Unknown	Low
CalamityMod/FishAlert	CalamityMod_buff_scan.json	Unknown	Low
CalamityMod/FlakHermitBuff	CalamityMod_buff_scan.json	CombatVisual	Medium
CalamityMod/ForbiddenStealthSummonTagBuff	CalamityMod_buff_scan.json	Unknown	Low
CalamityMod/FoxPetBuff	CalamityMod_buff_scan.json	CombatVisual	Medium
CalamityMod/FrostyBatBuff	CalamityMod_buff_scan.json	CombatVisual	Medium
CalamityMod/FrozenLungs	CalamityMod_buff_scan.json	Unknown	Low
CalamityMod/FurtasticDuoBuff	CalamityMod_buff_scan.json	CombatVisual	Medium
CalamityMod/GalvanicCorrosion	CalamityMod_buff_scan.json	Unknown	Low
CalamityMod/GazeOfCrysthamyrBuff	CalamityMod_buff_scan.json	Unknown	Low
CalamityMod/GlacialEmbraceBuff	CalamityMod_buff_scan.json	Unknown	Low
CalamityMod/GlacialState	CalamityMod_buff_scan.json	Unknown	Low
CalamityMod/GodSlayerInferno	CalamityMod_buff_scan.json	CombatVisual	Medium
CalamityMod/GoldieBuff	CalamityMod_buff_scan.json	CombatVisual	Medium
CalamityMod/GrapeBeerBuff	CalamityMod_buff_scan.json	Unknown	Low
CalamityMod/GravityNormalizerBuff	CalamityMod_buff_scan.json	Unknown	Low
CalamityMod/GraxBoost	CalamityMod_buff_scan.json	Unknown	Low
CalamityMod/GreenJellyRegen	CalamityMod_buff_scan.json	Unknown	Low
CalamityMod/HadopelagicPressure	CalamityMod_buff_scan.json	CombatVisual	Medium
CalamityMod/HallowedRuneDefense	CalamityMod_buff_scan.json	Stat	Medium
CalamityMod/HallowedRunePower	CalamityMod_buff_scan.json	Unknown	Low
CalamityMod/HallowedRuneRegeneration	CalamityMod_buff_scan.json	Unknown	Low
CalamityMod/Haste	CalamityMod_buff_scan.json	Unknown	Low
CalamityMod/HeavyBleeding	CalamityMod_buff_scan.json	CombatVisual	Medium
CalamityMod/HolyFlames	CalamityMod_buff_scan.json	CombatVisual	Medium
CalamityMod/HolyInferno	CalamityMod_buff_scan.json	Unknown	Low
CalamityMod/HotE	CalamityMod_buff_scan.json	Unknown	Low
CalamityMod/IcarusFolly	CalamityMod_buff_scan.json	CombatVisual	Medium
CalamityMod/IceShieldBuff	CalamityMod_buff_scan.json	Unknown	Low
CalamityMod/Irradiated	CalamityMod_buff_scan.json	Unknown	Low
CalamityMod/Kendra	CalamityMod_buff_scan.json	CombatVisual	Medium
CalamityMod/Laceration	CalamityMod_buff_scan.json	CombatVisual	Medium
CalamityMod/LadBuff	CalamityMod_buff_scan.json	CombatVisual	Medium
CalamityMod/LeviBuff	CalamityMod_buff_scan.json	CombatVisual	Medium
CalamityMod/LittleLightBuff	CalamityMod_buff_scan.json	CombatVisual	Medium
CalamityMod/LordeBuff	CalamityMod_buff_scan.json	CombatVisual	Medium
CalamityMod/ManaBurn	CalamityMod_buff_scan.json	Unknown	Low
CalamityMod/ManhattanBuff	CalamityMod_buff_scan.json	Unknown	Low
CalamityMod/MargaritaBuff	CalamityMod_buff_scan.json	Unknown	Low
CalamityMod/MarkedforDeath	CalamityMod_buff_scan.json	Unknown	Low
CalamityMod/MarniteLiftBuff	CalamityMod_buff_scan.json	Unknown	Low
CalamityMod/MiniMindBuff	CalamityMod_buff_scan.json	CombatVisual	Medium
CalamityMod/MiracleBlight	CalamityMod_buff_scan.json	CombatVisual	Medium
CalamityMod/MoonshineBuff	CalamityMod_buff_scan.json	Unknown	Low
CalamityMod/MoscowMuleBuff	CalamityMod_buff_scan.json	Unknown	Low
CalamityMod/Mushy	CalamityMod_buff_scan.json	CombatVisual	Medium
CalamityMod/Nightwither	CalamityMod_buff_scan.json	CombatVisual	Medium
CalamityMod/NOU	CalamityMod_buff_scan.json	Unknown	Low
CalamityMod/OceanSpiritBuff	CalamityMod_buff_scan.json	CombatVisual	Medium
CalamityMod/OldFashionedBuff	CalamityMod_buff_scan.json	Unknown	Low
CalamityMod/Omniscience	CalamityMod_buff_scan.json	Unknown	Low
CalamityMod/OnyxExcavatorBuff	CalamityMod_buff_scan.json	Unknown	Low
CalamityMod/PearlAura	CalamityMod_buff_scan.json	CombatVisual	Medium
CalamityMod/PhantomicEmpowerment	CalamityMod_buff_scan.json	Unknown	Low
CalamityMod/PhantomicRegen	CalamityMod_buff_scan.json	Stat	Medium
CalamityMod/PhantomicShield	CalamityMod_buff_scan.json	Stat	Medium
CalamityMod/PhotosynthesisBuff	CalamityMod_buff_scan.json	Unknown	Low
CalamityMod/PineappleBuff	CalamityMod_buff_scan.json	CombatVisual	Medium
CalamityMod/PinkCandleBuff	CalamityMod_buff_scan.json	Unknown	Low
CalamityMod/PinkJellyRegen	CalamityMod_buff_scan.json	Unknown	Low
CalamityMod/Plague	CalamityMod_buff_scan.json	CombatVisual	Medium
CalamityMod/PlaguebringerBabBuff	CalamityMod_buff_scan.json	CombatVisual	Medium
CalamityMod/PopoBuff	CalamityMod_buff_scan.json	Unknown	Low
CalamityMod/PopoNoselessBuff	CalamityMod_buff_scan.json	Unknown	Low
CalamityMod/ProfanedCrystalBuff	CalamityMod_buff_scan.json	Unknown	Low
CalamityMod/ProfanedCrystalWhipBuff	CalamityMod_buff_scan.json	Unknown	Low
CalamityMod/ProfanedCrystalWhipDebuff	CalamityMod_buff_scan.json	Unknown	Low
CalamityMod/ProfanedSoulGuardians	CalamityMod_buff_scan.json	Unknown	Low
CalamityMod/ProfanedWeakness	CalamityMod_buff_scan.json	CombatVisual	Medium
CalamityMod/PurpleCandleBuff	CalamityMod_buff_scan.json	Unknown	Low
CalamityMod/PurpleHazeBuff	CalamityMod_buff_scan.json	Unknown	Low
CalamityMod/RadiatorBuff	CalamityMod_buff_scan.json	CombatVisual	Medium
CalamityMod/RageMode	CalamityMod_buff_scan.json	CombatVisual	Medium
CalamityMod/ReaverRage	CalamityMod_buff_scan.json	Unknown	Low
CalamityMod/RedWineBuff	CalamityMod_buff_scan.json	Unknown	Low
CalamityMod/RimehoundBuff	CalamityMod_buff_scan.json	Unknown	Low
CalamityMod/RiptideDebuff	CalamityMod_buff_scan.json	CombatVisual	Medium
CalamityMod/RumBuff	CalamityMod_buff_scan.json	Unknown	Low
CalamityMod/SagePoison	CalamityMod_buff_scan.json	Unknown	Low
CalamityMod/SandsWindBuff	CalamityMod_buff_scan.json	Unknown	Low
CalamityMod/SearingLava	CalamityMod_buff_scan.json	Unknown	Low
CalamityMod/SeaSnailBuff	CalamityMod_buff_scan.json	Unknown	Low
CalamityMod/ShadowBuff	CalamityMod_buff_scan.json	Unknown	Low
CalamityMod/Shadowflame	CalamityMod_buff_scan.json	CombatVisual	Medium
CalamityMod/ShellfishClaps	CalamityMod_buff_scan.json	Unknown	Low
CalamityMod/Shred	CalamityMod_buff_scan.json	Mixed	Low
CalamityMod/SilvaRevival	CalamityMod_buff_scan.json	Unknown	Low
CalamityMod/SnapClamDebuff	CalamityMod_buff_scan.json	Unknown	Low
CalamityMod/Soaring	CalamityMod_buff_scan.json	Unknown	Low
CalamityMod/SparksBuff	CalamityMod_buff_scan.json	CombatVisual	Medium
CalamityMod/SpiritDefense	CalamityMod_buff_scan.json	Stat	Medium
CalamityMod/SpiritPower	CalamityMod_buff_scan.json	Unknown	Low
CalamityMod/SpiritRegen	CalamityMod_buff_scan.json	Unknown	Low
CalamityMod/SquishyBeanBuff	CalamityMod_buff_scan.json	Unknown	Low
CalamityMod/StarBeamRyeBuff	CalamityMod_buff_scan.json	Unknown	Low
CalamityMod/StaticDischarge	CalamityMod_buff_scan.json	CombatVisual	Medium
CalamityMod/SulphuricPoisoning	CalamityMod_buff_scan.json	CombatVisual	Medium
CalamityMod/SulphurskinBuff	CalamityMod_buff_scan.json	Unknown	Low
CalamityMod/TarragonCloak	CalamityMod_buff_scan.json	Unknown	Low
CalamityMod/TarragonImmunity	CalamityMod_buff_scan.json	Unknown	Low
CalamityMod/TarraLifeRegen	CalamityMod_buff_scan.json	CombatVisual	Medium
CalamityMod/TemporalSadness	CalamityMod_buff_scan.json	Unknown	Low
CalamityMod/TequilaBuff	CalamityMod_buff_scan.json	Unknown	Low
CalamityMod/TequilaSunriseBuff	CalamityMod_buff_scan.json	Unknown	Low
CalamityMod/TheCartofGodsBuff	CalamityMod_buff_scan.json	Unknown	Low
CalamityMod/ThirdSageBuff	CalamityMod_buff_scan.json	CombatVisual	Medium
CalamityMod/TimeDistortion	CalamityMod_buff_scan.json	Unknown	Low
CalamityMod/ToastyBatBuff	CalamityMod_buff_scan.json	CombatVisual	Medium
CalamityMod/TranquilityCandleBuff	CalamityMod_buff_scan.json	Unknown	Low
CalamityMod/Trippy	CalamityMod_buff_scan.json	Unknown	Low
CalamityMod/TrueVulnerabilityHex	CalamityMod_buff_scan.json	CombatVisual	Medium
CalamityMod/Vaporfied	CalamityMod_buff_scan.json	CombatVisual	Medium
CalamityMod/VermillionFlux	CalamityMod_buff_scan.json	CombatVisual	Medium
CalamityMod/VodkaBuff	CalamityMod_buff_scan.json	Unknown	Low
CalamityMod/VoidConcentrationBuff	CalamityMod_buff_scan.json	Unknown	Low
CalamityMod/Voidfrost	CalamityMod_buff_scan.json	CombatVisual	Medium
CalamityMod/VulnerabilityHex	CalamityMod_buff_scan.json	CombatVisual	Medium
CalamityMod/Warped	CalamityMod_buff_scan.json	CombatVisual	Medium
CalamityMod/WeakBrimstoneFlames	CalamityMod_buff_scan.json	Unknown	Low
CalamityMod/WeakPetrification	CalamityMod_buff_scan.json	Unknown	Low
CalamityMod/WeaponImbueBrimstone	CalamityMod_buff_scan.json	Unknown	Low
CalamityMod/WeaponImbueCrumbling	CalamityMod_buff_scan.json	Unknown	Low
CalamityMod/WeaponImbueHolyFlames	CalamityMod_buff_scan.json	Unknown	Low
CalamityMod/WhiskeyBuff	CalamityMod_buff_scan.json	Unknown	Low
CalamityMod/WhisperingDeath	CalamityMod_buff_scan.json	Unknown	Low
CalamityMod/WhiteWineBuff	CalamityMod_buff_scan.json	Unknown	Low
CalamityMod/WitherDebuff	CalamityMod_buff_scan.json	Unknown	Low
CalamityMod/Withered	CalamityMod_buff_scan.json	Unknown	Low
CalamityMod/YellowCandleBuff	CalamityMod_buff_scan.json	Unknown	Low
CalamityMod/YharonSonBuff	CalamityMod_buff_scan.json	CombatVisual	Medium
CalamityMod/Zen	CalamityMod_buff_scan.json	Unknown	Low
CalamityMod/Zerg	CalamityMod_buff_scan.json	Unknown	Low
CalValEX/AeroBuff	CalValEX_buff_scan.json	CombatVisual	Medium
CalValEX/AmberBuff	CalValEX_buff_scan.json	CombatVisual	Medium
CalValEX/AmethystBuff	CalValEX_buff_scan.json	CombatVisual	Medium
CalValEX/AmogusBuff	CalValEX_buff_scan.json	CombatVisual	Medium
CalValEX/AndroombaBuff	CalValEX_buff_scan.json	CombatVisual	Medium
CalValEX/AnthozoanBuff	CalValEX_buff_scan.json	Unknown	Low
CalValEX/AquaBuff	CalValEX_buff_scan.json	CombatVisual	Medium
CalValEX/AresBuff	CalValEX_buff_scan.json	CombatVisual	Medium
CalValEX/AuricTeslaBuff	CalValEX_buff_scan.json	Unknown	Low
CalValEX/AvalonBuff	CalValEX_buff_scan.json	CombatVisual	Medium
CalValEX/BabySquidBuff	CalValEX_buff_scan.json	CombatVisual	Medium
CalValEX/BeeBuff	CalValEX_buff_scan.json	CombatVisual	Medium
CalValEX/BejeweledBuff	CalValEX_buff_scan.json	CombatVisual	Medium
CalValEX/BikeBuff	CalValEX_buff_scan.json	Unknown	Low
CalValEX/BirdsculeBuff	CalValEX_buff_scan.json	CombatVisual	Medium
CalValEX/BlockarozBuff	CalValEX_buff_scan.json	CombatVisual	Medium
CalValEX/BloodstoneCarriageBuff	CalValEX_buff_scan.json	Unknown	Low
CalValEX/BrimberryBuff	CalValEX_buff_scan.json	CombatVisual	Medium
CalValEX/BuppyBuff	CalValEX_buff_scan.json	CombatVisual	Medium
CalValEX/CalamityBABYBuff	CalValEX_buff_scan.json	CombatVisual	Medium
CalValEX/CatfishBuff	CalValEX_buff_scan.json	CombatVisual	Medium
CalValEX/ChilledOut	CalValEX_buff_scan.json	CombatVisual	Medium
CalValEX/ckidbuff	CalValEX_buff_scan.json	CombatVisual	Medium
CalValEX/ClamHermitBuff	CalValEX_buff_scan.json	CombatVisual	Medium
CalValEX/ClassicBrimmyBuff	CalValEX_buff_scan.json	Unknown	Low
CalValEX/cloudbuff	CalValEX_buff_scan.json	CombatVisual	Medium
CalValEX/CloudTransformationBuff	CalValEX_buff_scan.json	Unknown	Low
CalValEX/CnidBuff	CalValEX_buff_scan.json	CombatVisual	Medium
CalValEX/CoolBlueBuff	CalValEX_buff_scan.json	CombatVisual	Medium
CalValEX/CrabBuff	CalValEX_buff_scan.json	CombatVisual	Medium
CalValEX/CrystalBuff	CalValEX_buff_scan.json	CombatVisual	Medium
CalValEX/DarksunSpiritBuff	CalValEX_buff_scan.json	Unknown	Low
CalValEX/DebrisMount	CalValEX_buff_scan.json	Unknown	Low
CalValEX/DEBuff	CalValEX_buff_scan.json	CombatVisual	Medium
CalValEX/DesertBuff	CalValEX_buff_scan.json	CombatVisual	Medium
CalValEX/DeusBuff	CalValEX_buff_scan.json	CombatVisual	Medium
CalValEX/DiamondBuff	CalValEX_buff_scan.json	CombatVisual	Medium
CalValEX/DiggerBuff	CalValEX_buff_scan.json	CombatVisual	Medium
CalValEX/DogBuff	CalValEX_buff_scan.json	CombatVisual	Medium
CalValEX/Doggobuff	CalValEX_buff_scan.json	CombatVisual	Medium
CalValEX/DraedonCartBuff	CalValEX_buff_scan.json	Unknown	Low
CalValEX/EggBuff	CalValEX_buff_scan.json	CombatVisual	Medium
CalValEX/EmeraldBuff	CalValEX_buff_scan.json	CombatVisual	Medium
CalValEX/EnredBuff	CalValEX_buff_scan.json	CombatVisual	Medium
CalValEX/EurosBuff	CalValEX_buff_scan.json	CombatVisual	Medium
CalValEX/Excalibuff	CalValEX_buff_scan.json	CombatVisual	Medium
CalValEX/ExoMayhemBuff	CalValEX_buff_scan.json	CombatVisual	Medium
CalValEX/FathomEelBuff	CalValEX_buff_scan.json	CombatVisual	Medium
CalValEX/FistuloidBuff	CalValEX_buff_scan.json	CombatVisual	Medium
CalValEX/FloatyBuff	CalValEX_buff_scan.json	Unknown	Low
CalValEX/FogBuff	CalValEX_buff_scan.json	CombatVisual	Medium
CalValEX/FollyBuff	CalValEX_buff_scan.json	CombatVisual	Medium
CalValEX/GeorgeBuff	CalValEX_buff_scan.json	CombatVisual	Medium
CalValEX/GodrgeBuff	CalValEX_buff_scan.json	CombatVisual	Medium
CalValEX/GodRiderBuff	CalValEX_buff_scan.json	Unknown	Low
CalValEX/GoozmaBuff	CalValEX_buff_scan.json	CombatVisual	Medium
CalValEX/GrandBuff	CalValEX_buff_scan.json	CombatVisual	Medium
CalValEX/HadarianBuff	CalValEX_buff_scan.json	Unknown	Low
CalValEX/HeatBuff	CalValEX_buff_scan.json	CombatVisual	Medium
CalValEX/HivelingBuff	CalValEX_buff_scan.json	Unknown	Low
CalValEX/HiveVuff	CalValEX_buff_scan.json	Unknown	Low
CalValEX/HoodiedolistBuff	CalValEX_buff_scan.json	CombatVisual	Medium
CalValEX/ImpBuff	CalValEX_buff_scan.json	CombatVisual	Medium
CalValEX/JaredBuff	CalValEX_buff_scan.json	CombatVisual	Medium
CalValEX/JellyBuff	CalValEX_buff_scan.json	CombatVisual	Medium
CalValEX/JunkoBuff	CalValEX_buff_scan.json	CombatVisual	Medium
CalValEX/LeviathanMountBuff	CalValEX_buff_scan.json	Unknown	Low
CalValEX/LightshieldBuff	CalValEX_buff_scan.json	CombatVisual	Medium
CalValEX/LumpyBuff	CalValEX_buff_scan.json	CombatVisual	Medium
CalValEX/MechaGeorgeBuff	CalValEX_buff_scan.json	CombatVisual	Medium
CalValEX/MiniBumbleBuff	CalValEX_buff_scan.json	CombatVisual	Medium
CalValEX/MiniDogeBuff	CalValEX_buff_scan.json	CombatVisual	Medium
CalValEX/minihotebuff	CalValEX_buff_scan.json	CombatVisual	Medium
CalValEX/MoistBuff	CalValEX_buff_scan.json	CombatVisual	Medium
CalValEX/MoistScourgeBuff	CalValEX_buff_scan.json	CombatVisual	Medium
CalValEX/MorshuBuff	CalValEX_buff_scan.json	Unknown	Low
CalValEX/MushroomWardenBuff	CalValEX_buff_scan.json	Unknown	Low
CalValEX/NautilusJrBuff	CalValEX_buff_scan.json	Unknown	Low
CalValEX/NuclearFuryshronBuff	CalValEX_buff_scan.json	CombatVisual	Medium
CalValEX/NuclearHorrorBuff	CalValEX_buff_scan.json	Unknown	Low
CalValEX/NuggetBuff	CalValEX_buff_scan.json	CombatVisual	Medium
CalValEX/OmegaSquidBuff	CalValEX_buff_scan.json	CombatVisual	Medium
CalValEX/OrbBuff	CalValEX_buff_scan.json	CombatVisual	Medium
CalValEX/PBGMountBuff	CalValEX_buff_scan.json	Unknown	Low
CalValEX/PhageBuff	CalValEX_buff_scan.json	CombatVisual	Medium
CalValEX/PhantomBuff	CalValEX_buff_scan.json	CombatVisual	Medium
CalValEX/PillagerBuff	CalValEX_buff_scan.json	CombatVisual	Medium
CalValEX/PolterBuff	CalValEX_buff_scan.json	CombatVisual	Medium
CalValEX/ProBuff	CalValEX_buff_scan.json	CombatVisual	Medium
CalValEX/ProtoRingBuff	CalValEX_buff_scan.json	Unknown	Low
CalValEX/PuppoBuff	CalValEX_buff_scan.json	CombatVisual	Medium
CalValEX/PylonBuff	CalValEX_buff_scan.json	CombatVisual	Medium
CalValEX/rarebrimlingbuff	CalValEX_buff_scan.json	CombatVisual	Medium
CalValEX/RareSsandBuff	CalValEX_buff_scan.json	CombatVisual	Medium
CalValEX/ReaperBuff	CalValEX_buff_scan.json	CombatVisual	Medium
CalValEX/RedPandaBuff	CalValEX_buff_scan.json	CombatVisual	Medium
CalValEX/Rembuff	CalValEX_buff_scan.json	CombatVisual	Medium
CalValEX/RepurposedMonitorBuff	CalValEX_buff_scan.json	CombatVisual	Medium
CalValEX/RoverSpindleBuff	CalValEX_buff_scan.json	CombatVisual	Medium
CalValEX/RubyBuff	CalValEX_buff_scan.json	CombatVisual	Medium
CalValEX/RustyBuff	CalValEX_buff_scan.json	CombatVisual	Medium
CalValEX/SadStoneBuff	CalValEX_buff_scan.json	CombatVisual	Medium
CalValEX/SandTransformationBuff	CalValEX_buff_scan.json	Unknown	Low
CalValEX/SapphireBuff	CalValEX_buff_scan.json	CombatVisual	Medium
CalValEX/ScorchingFuryshronBuff	CalValEX_buff_scan.json	CombatVisual	Medium
CalValEX/ScourgeBuff	CalValEX_buff_scan.json	CombatVisual	Medium
CalValEX/SeerBuff	CalValEX_buff_scan.json	CombatVisual	Medium
CalValEX/SentiPet	CalValEX_buff_scan.json	CombatVisual	Medium
CalValEX/SepulcherBuff	CalValEX_buff_scan.json	CombatVisual	Medium
CalValEX/SepulcherBuffNeo	CalValEX_buff_scan.json	CombatVisual	Medium
CalValEX/ShartBuff	CalValEX_buff_scan.json	CombatVisual	Medium
CalValEX/SigBuff	CalValEX_buff_scan.json	CombatVisual	Medium
CalValEX/SignutTransformationBuff	CalValEX_buff_scan.json	Unknown	Low
CalValEX/SilvaJeepBuff	CalValEX_buff_scan.json	Unknown	Low
CalValEX/SkaterBuff	CalValEX_buff_scan.json	CombatVisual	Medium
CalValEX/SlimeBuff	CalValEX_buff_scan.json	CombatVisual	Medium
CalValEX/SmaulerBuff	CalValEX_buff_scan.json	CombatVisual	Medium
CalValEX/SolarBunBuff	CalValEX_buff_scan.json	CombatVisual	Medium
CalValEX/SsandBuff	CalValEX_buff_scan.json	CombatVisual	Medium
CalValEX/StasisArmoredBuff	CalValEX_buff_scan.json	CombatVisual	Medium
CalValEX/StasisNakedBuff	CalValEX_buff_scan.json	CombatVisual	Medium
CalValEX/SupJewelBuff	CalValEX_buff_scan.json	CombatVisual	Medium
CalValEX/SWPetBuff	CalValEX_buff_scan.json	CombatVisual	Medium
CalValEX/TerminalRockBuff	CalValEX_buff_scan.json	CombatVisual	Medium
CalValEX/ThanatosBuff	CalValEX_buff_scan.json	CombatVisual	Medium
CalValEX/TopazBuff	CalValEX_buff_scan.json	CombatVisual	Medium
CalValEX/TractorMount	CalValEX_buff_scan.json	Unknown	Low
CalValEX/TUBBUFF	CalValEX_buff_scan.json	CombatVisual	Medium
CalValEX/TwinsBuff	CalValEX_buff_scan.json	CombatVisual	Medium
CalValEX/UngodlyBuff	CalValEX_buff_scan.json	CombatVisual	Medium
CalValEX/VanityCoreBuff	CalValEX_buff_scan.json	CombatVisual	Medium
CalValEX/WulfrumArmy	CalValEX_buff_scan.json	CombatVisual	Medium
CalValEX/WyrmBuff	CalValEX_buff_scan.json	CombatVisual	Medium
CalValEX/YeetBuff	CalValEX_buff_scan.json	CombatVisual	Medium
CalValEX/YharimSquidBuff	CalValEX_buff_scan.json	CombatVisual	Medium
CalValEX/YharonMountBuff	CalValEX_buff_scan.json	Unknown	Low
CalValEX/YhogoStickBuff	CalValEX_buff_scan.json	Unknown	Low
CalValEX/ZygoteBuff	CalValEX_buff_scan.json	CombatVisual	Medium
EvenMoreOverpoweredJourney/EMOJAlphaBuff	EvenMoreOverpoweredJourney_buff_scan.json	Unknown	Low
EvenMoreOverpoweredJourney/EMOJOmegaBuff	EvenMoreOverpoweredJourney_buff_scan.json	Unknown	Low
FargosMutantMod/BigSuckBuff	FargosMutantMod_buff_scan.json	Unknown	Low
FargosMutantMod/CoolCrabBuff	FargosMutantMod_buff_scan.json	CombatVisual	Medium
FargosMutantMod/WoodDrop	FargosMutantMod_buff_scan.json	Unknown	Low
FargosSoulsDLC/CalamitousPresenceBuff	FargosSoulsDLC_buff_scan.json	Unknown	Low
FargosSoulsMod/AbomCooldownBuff	FargosSoulsMod_buff_scan.json	Unknown	Low
FargosSoulsMod/AbomFangBuff	FargosSoulsMod_buff_scan.json	Unknown	Low
FargosSoulsMod/AbomPresenceBuff	FargosSoulsMod_buff_scan.json	Stat	Medium
FargosSoulsMod/AbomRebirthBuff	FargosSoulsMod_buff_scan.json	Unknown	Low
FargosSoulsMod/AccursedSarcophagusBuff	FargosSoulsMod_buff_scan.json	CombatVisual	Medium
FargosSoulsMod/AnticoagulationBuff	FargosSoulsMod_buff_scan.json	Unknown	Low
FargosSoulsMod/BabyAbomBuff	FargosSoulsMod_buff_scan.json	CombatVisual	Medium
FargosSoulsMod/BabyLifelightBuff	FargosSoulsMod_buff_scan.json	CombatVisual	Medium
FargosSoulsMod/BabySilhouetteBuff	FargosSoulsMod_buff_scan.json	CombatVisual	Medium
FargosSoulsMod/BaronsBurdenBuff	FargosSoulsMod_buff_scan.json	Stat	Medium
FargosSoulsMod/BerserkerInstallCDBuff	FargosSoulsMod_buff_scan.json	Unknown	Low
FargosSoulsMod/BetsyDashBuff	FargosSoulsMod_buff_scan.json	Unknown	Low
FargosSoulsMod/BigBrainMinionBuff	FargosSoulsMod_buff_scan.json	Unknown	Low
FargosSoulsMod/BiteSizeBaronBuff	FargosSoulsMod_buff_scan.json	CombatVisual	Medium
FargosSoulsMod/BloodthirstyBuff	FargosSoulsMod_buff_scan.json	Unknown	Low
FargosSoulsMod/BrainMinionBuff	FargosSoulsMod_buff_scan.json	Unknown	Low
FargosSoulsMod/BrainOfConfusionBuff	FargosSoulsMod_buff_scan.json	Unknown	Low
FargosSoulsMod/BrokenShellBuff	FargosSoulsMod_buff_scan.json	Unknown	Low
FargosSoulsMod/ChibiDeviBuff	FargosSoulsMod_buff_scan.json	CombatVisual	Medium
FargosSoulsMod/ChibiiRemiiBuff	FargosSoulsMod_buff_scan.json	CombatVisual	Medium
FargosSoulsMod/ClippedWingsBuff	FargosSoulsMod_buff_scan.json	Unknown	Low
FargosSoulsMod/CoffinTossBuff	FargosSoulsMod_buff_scan.json	Unknown	Low
FargosSoulsMod/CorruptingBuff	FargosSoulsMod_buff_scan.json	Unknown	Low
FargosSoulsMod/CrimetroidBuff	FargosSoulsMod_buff_scan.json	Unknown	Low
FargosSoulsMod/CrimsonRegenBuff	FargosSoulsMod_buff_scan.json	Mixed	Low
FargosSoulsMod/CrippledBuff	FargosSoulsMod_buff_scan.json	Unknown	Low
FargosSoulsMod/CrystalSkullBuff	FargosSoulsMod_buff_scan.json	Unknown	Low
FargosSoulsMod/DefenselessBuff	FargosSoulsMod_buff_scan.json	Unknown	Low
FargosSoulsMod/DoveBuff	FargosSoulsMod_buff_scan.json	CombatVisual	Medium
FargosSoulsMod/DukeFishronBuff	FargosSoulsMod_buff_scan.json	Unknown	Low
FargosSoulsMod/EarthPoison	FargosSoulsMod_buff_scan.json	Unknown	Low
FargosSoulsMod/EaterMinionBuff	FargosSoulsMod_buff_scan.json	Unknown	Low
FargosSoulsMod/FirstStrikeBuff	FargosSoulsMod_buff_scan.json	Stat	Medium
FargosSoulsMod/FishMinionBuff	FargosSoulsMod_buff_scan.json	Unknown	Low
FargosSoulsMod/FlamesoftheUniverseBuff	FargosSoulsMod_buff_scan.json	Unknown	Low
FargosSoulsMod/FlippedBuff	FargosSoulsMod_buff_scan.json	Unknown	Low
FargosSoulsMod/FossilReviveCDBuff	FargosSoulsMod_buff_scan.json	Unknown	Low
FargosSoulsMod/FrozenBuff	FargosSoulsMod_buff_scan.json	Unknown	Low
FargosSoulsMod/FusedBuff	FargosSoulsMod_buff_scan.json	CombatVisual	Medium
FargosSoulsMod/GladiatorBuff	FargosSoulsMod_buff_scan.json	Unknown	Low
FargosSoulsMod/GodEaterBuff	FargosSoulsMod_buff_scan.json	Unknown	Low
FargosSoulsMod/GoldenStasisBuff	FargosSoulsMod_buff_scan.json	Unknown	Low
FargosSoulsMod/GoldenStasisCDBuff	FargosSoulsMod_buff_scan.json	Unknown	Low
FargosSoulsMod/GrabbedBuff	FargosSoulsMod_buff_scan.json	Unknown	Low
FargosSoulsMod/GrabbedHarmlessBuff	FargosSoulsMod_buff_scan.json	Unknown	Low
FargosSoulsMod/HallowCooldownBuff	FargosSoulsMod_buff_scan.json	Unknown	Low
FargosSoulsMod/HallowIlluminatedBuff	FargosSoulsMod_buff_scan.json	CombatVisual	Medium
FargosSoulsMod/HellFireBuff	FargosSoulsMod_buff_scan.json	Unknown	Low
FargosSoulsMod/HellFireMarkedBuff	FargosSoulsMod_buff_scan.json	Unknown	Low
FargosSoulsMod/HexedBuff	FargosSoulsMod_buff_scan.json	Unknown	Low
FargosSoulsMod/HolyPriceBuff	FargosSoulsMod_buff_scan.json	Unknown	Low
FargosSoulsMod/HuntressBleedBuff	FargosSoulsMod_buff_scan.json	Unknown	Low
FargosSoulsMod/HuntressCDBuff	FargosSoulsMod_buff_scan.json	Unknown	Low
FargosSoulsMod/HypothermiaBuff	FargosSoulsMod_buff_scan.json	Unknown	Low
FargosSoulsMod/InfestedBuff	FargosSoulsMod_buff_scan.json	Unknown	Low
FargosSoulsMod/IvyVenomBuff	FargosSoulsMod_buff_scan.json	Unknown	Low
FargosSoulsMod/JungleMimicSummonBuff	FargosSoulsMod_buff_scan.json	Unknown	Low
FargosSoulsMod/KingSlimeMinionBuff	FargosSoulsMod_buff_scan.json	Unknown	Low
FargosSoulsMod/LeadPoisonBuff	FargosSoulsMod_buff_scan.json	Unknown	Low
FargosSoulsMod/LethargicBuff	FargosSoulsMod_buff_scan.json	Unknown	Low
FargosSoulsMod/LightningRodBuff	FargosSoulsMod_buff_scan.json	CombatVisual	Medium
FargosSoulsMod/LihzahrdBlessingBuff	FargosSoulsMod_buff_scan.json	Unknown	Low
FargosSoulsMod/LihzahrdCurseBuff	FargosSoulsMod_buff_scan.json	Unknown	Low
FargosSoulsMod/LivingWastelandBuff	FargosSoulsMod_buff_scan.json	Mixed	Low
FargosSoulsMod/LoosePocketsBuff	FargosSoulsMod_buff_scan.json	Unknown	Low
FargosSoulsMod/LovestruckBuff	FargosSoulsMod_buff_scan.json	Unknown	Low
FargosSoulsMod/LowGroundBuff	FargosSoulsMod_buff_scan.json	Unknown	Low
FargosSoulsMod/LowGroundEridanusBuff	FargosSoulsMod_buff_scan.json	Unknown	Low
FargosSoulsMod/LunarCultistBuff	FargosSoulsMod_buff_scan.json	Unknown	Low
FargosSoulsMod/MagicalCleanseCDBuff	FargosSoulsMod_buff_scan.json	Unknown	Low
FargosSoulsMod/MagicalCurseBuff	FargosSoulsMod_buff_scan.json	Unknown	Low
FargosSoulsMod/MarkedforDeathBuff	FargosSoulsMod_buff_scan.json	CombatVisual	Medium
FargosSoulsMod/MidasBuff	FargosSoulsMod_buff_scan.json	Unknown	Low
FargosSoulsMod/MoltenAmplifyBuff	FargosSoulsMod_buff_scan.json	Unknown	Low
FargosSoulsMod/MonkBuff	FargosSoulsMod_buff_scan.json	Unknown	Low
FargosSoulsMod/MoonBowBuff	FargosSoulsMod_buff_scan.json	Unknown	Low
FargosSoulsMod/MoonFangBuff	FargosSoulsMod_buff_scan.json	Unknown	Low
FargosSoulsMod/MutantDesperationBuff	FargosSoulsMod_buff_scan.json	Unknown	Low
FargosSoulsMod/MutantFangBuff	FargosSoulsMod_buff_scan.json	Unknown	Low
FargosSoulsMod/MutantPowerBuff	FargosSoulsMod_buff_scan.json	Unknown	Low
FargosSoulsMod/MutantPresenceBuff	FargosSoulsMod_buff_scan.json	Unknown	Low
FargosSoulsMod/MutantRebirthBuff	FargosSoulsMod_buff_scan.json	Unknown	Low
FargosSoulsMod/MutantSpawnBuff	FargosSoulsMod_buff_scan.json	CombatVisual	Medium
FargosSoulsMod/NebulaBuff	FargosSoulsMod_buff_scan.json	Unknown	Low
FargosSoulsMod/NeurotoxinBuff	FargosSoulsMod_buff_scan.json	Unknown	Low
FargosSoulsMod/NibbleBuff	FargosSoulsMod_buff_scan.json	CombatVisual	Medium
FargosSoulsMod/NullificationCurseBuff	FargosSoulsMod_buff_scan.json	Unknown	Low
FargosSoulsMod/ObsidianLavaWetBuff	FargosSoulsMod_buff_scan.json	Unknown	Low
FargosSoulsMod/OceanicMaulBuff	FargosSoulsMod_buff_scan.json	Stat	Medium
FargosSoulsMod/OceanicSealBuff	FargosSoulsMod_buff_scan.json	CombatVisual	Medium
FargosSoulsMod/OiledBuff	FargosSoulsMod_buff_scan.json	Unknown	Low
FargosSoulsMod/OriPoisonBuff	FargosSoulsMod_buff_scan.json	Unknown	Low
FargosSoulsMod/PlanterasChildBuff	FargosSoulsMod_buff_scan.json	Unknown	Low
FargosSoulsMod/PrimeMinionBuff	FargosSoulsMod_buff_scan.json	Unknown	Low
FargosSoulsMod/ProbesBuff	FargosSoulsMod_buff_scan.json	Unknown	Low
FargosSoulsMod/PungentEyeballBuff	FargosSoulsMod_buff_scan.json	Unknown	Low
FargosSoulsMod/PungentGazeBuff	FargosSoulsMod_buff_scan.json	Unknown	Low
FargosSoulsMod/PurgedBuff	FargosSoulsMod_buff_scan.json	Unknown	Low
FargosSoulsMod/PurifiedBuff	FargosSoulsMod_buff_scan.json	Unknown	Low
FargosSoulsMod/RainbowSlimeBuff	FargosSoulsMod_buff_scan.json	Unknown	Low
FargosSoulsMod/RainCDBuff	FargosSoulsMod_buff_scan.json	Unknown	Low
FargosSoulsMod/RefreshedBuff	FargosSoulsMod_buff_scan.json	Unknown	Low
FargosSoulsMod/ROBBuff	FargosSoulsMod_buff_scan.json	CombatVisual	Medium
FargosSoulsMod/RoombaPetBuff	FargosSoulsMod_buff_scan.json	CombatVisual	Medium
FargosSoulsMod/RushJobBuff	FargosSoulsMod_buff_scan.json	Unknown	Low
FargosSoulsMod/SadismBuff	FargosSoulsMod_buff_scan.json	Unknown	Low
FargosSoulsMod/SaucerMinionBuff	FargosSoulsMod_buff_scan.json	Unknown	Low
FargosSoulsMod/SeekerOfTreasuresBuff	FargosSoulsMod_buff_scan.json	CombatVisual	Medium
FargosSoulsMod/ShadowflameBuff	FargosSoulsMod_buff_scan.json	Unknown	Low
FargosSoulsMod/ShellHideBuff	FargosSoulsMod_buff_scan.json	CombatVisual	Medium
FargosSoulsMod/SkeletronArmsBuff	FargosSoulsMod_buff_scan.json	Unknown	Low
FargosSoulsMod/SmiteBuff	FargosSoulsMod_buff_scan.json	Unknown	Low
FargosSoulsMod/SnowstormCDBuff	FargosSoulsMod_buff_scan.json	Unknown	Low
FargosSoulsMod/SolarBuff	FargosSoulsMod_buff_scan.json	Unknown	Low
FargosSoulsMod/SolarFlareBuff	FargosSoulsMod_buff_scan.json	CombatVisual	Medium
FargosSoulsMod/SouloftheMasochistBuff	FargosSoulsMod_buff_scan.json	Unknown	Low
FargosSoulsMod/SqueakyToyBuff	FargosSoulsMod_buff_scan.json	Unknown	Low
FargosSoulsMod/StardustBuff	FargosSoulsMod_buff_scan.json	Unknown	Low
FargosSoulsMod/StunnedBuff	FargosSoulsMod_buff_scan.json	Unknown	Low
FargosSoulsMod/SublimationBuff	FargosSoulsMod_buff_scan.json	Unknown	Low
FargosSoulsMod/SuperBleedBuff	FargosSoulsMod_buff_scan.json	Unknown	Low
FargosSoulsMod/SuperchargedBuff	FargosSoulsMod_buff_scan.json	Stat	Medium
FargosSoulsMod/SwarmingBuff	FargosSoulsMod_buff_scan.json	Unknown	Low
FargosSoulsMod/ThiefCDBuff	FargosSoulsMod_buff_scan.json	Unknown	Low
FargosSoulsMod/TimberBleedBuff	FargosSoulsMod_buff_scan.json	Unknown	Low
FargosSoulsMod/TimeFrozenBuff	FargosSoulsMod_buff_scan.json	Unknown	Low
FargosSoulsMod/TimeStopCDBuff	FargosSoulsMod_buff_scan.json	CombatVisual	Medium
FargosSoulsMod/TitaniumCDBuff	FargosSoulsMod_buff_scan.json	Unknown	Low
FargosSoulsMod/TitaniumDRBuff	FargosSoulsMod_buff_scan.json	Unknown	Low
FargosSoulsMod/TouhouHoardBuff	FargosSoulsMod_buff_scan.json	Unknown	Low
FargosSoulsMod/TribalCharmClickBuff	FargosSoulsMod_buff_scan.json	Unknown	Low
FargosSoulsMod/TrojanSquirrelMountBuff	FargosSoulsMod_buff_scan.json	Unknown	Low
FargosSoulsMod/TrueEyesBuff	FargosSoulsMod_buff_scan.json	Unknown	Low
FargosSoulsMod/TwinsEXBuff	FargosSoulsMod_buff_scan.json	Unknown	Low
FargosSoulsMod/TwinsInstallBuff	FargosSoulsMod_buff_scan.json	Stat	Medium
FargosSoulsMod/UnluckyBuff	FargosSoulsMod_buff_scan.json	Unknown	Low
FargosSoulsMod/UnstableBuff	FargosSoulsMod_buff_scan.json	Unknown	Low
FargosSoulsMod/VortexBuff	FargosSoulsMod_buff_scan.json	Unknown	Low
FargosSoulsMod/VortexCDBuff	FargosSoulsMod_buff_scan.json	Unknown	Low
FargosSoulsMod/WitheredBuff	FargosSoulsMod_buff_scan.json	Unknown	Low
FargosSoulsMod/WitheredForceBuff	FargosSoulsMod_buff_scan.json	Unknown	Low
FargosSoulsMod/WitheredWizardBuff	FargosSoulsMod_buff_scan.json	Unknown	Low
Spooky/AlternateCooldown	Spooky_buff_scan.json	Unknown	Low
Spooky/BackroomsDecay	Spooky_buff_scan.json	Unknown	Low
Spooky/BeeDamageBuff	Spooky_buff_scan.json	CombatVisual	Medium
Spooky/BeeHealingBuff	Spooky_buff_scan.json	CombatVisual	Medium
Spooky/BeePetBuff	Spooky_buff_scan.json	CombatVisual	Medium
Spooky/BeePollinationProcessBuff	Spooky_buff_scan.json	Unknown	Low
Spooky/BigBonePetBuff	Spooky_buff_scan.json	CombatVisual	Medium
Spooky/BillyBuff	Spooky_buff_scan.json	Unknown	Low
Spooky/BlueberryFrost	Spooky_buff_scan.json	CombatVisual	Medium
Spooky/BluegillSparkleDebuff	Spooky_buff_scan.json	CombatVisual	Medium
Spooky/BouncerDeathmark	Spooky_buff_scan.json	Unknown	Low
Spooky/BrainyBuff	Spooky_buff_scan.json	Unknown	Low
Spooky/BustlingGlowshroomHeal	Spooky_buff_scan.json	Mixed	Low
Spooky/CatacombDebuff	Spooky_buff_scan.json	Unknown	Low
Spooky/CatBuff	Spooky_buff_scan.json	CombatVisual	Medium
Spooky/CavefishStunned	Spooky_buff_scan.json	CombatVisual	Medium
Spooky/ChalupoBuff	Spooky_buff_scan.json	CombatVisual	Medium
Spooky/ColumboBuff	Spooky_buff_scan.json	CombatVisual	Medium
Spooky/ColumboneBuff	Spooky_buff_scan.json	CombatVisual	Medium
Spooky/ColumbooBuff	Spooky_buff_scan.json	CombatVisual	Medium
Spooky/ColumboPetCombinedBuff	Spooky_buff_scan.json	CombatVisual	Medium
Spooky/ColumborangeBuff	Spooky_buff_scan.json	CombatVisual	Medium
Spooky/CrossCooldown	Spooky_buff_scan.json	Unknown	Low
Spooky/CucumberStomachDebuff	Spooky_buff_scan.json	Unknown	Low
Spooky/CursedDollDebuff	Spooky_buff_scan.json	CombatVisual	Medium
Spooky/DaffodilHandBuff	Spooky_buff_scan.json	Unknown	Low
Spooky/DevilToothDebuff	Spooky_buff_scan.json	CombatVisual	Medium
Spooky/DutchmanPipeDebuff	Spooky_buff_scan.json	Unknown	Low
Spooky/EelTagDebuff	Spooky_buff_scan.json	Unknown	Low
Spooky/EggplantWhipDebuff	Spooky_buff_scan.json	Unknown	Low
Spooky/EmbryoCooldown	Spooky_buff_scan.json	Unknown	Low
Spooky/EnsnaredCooldown	Spooky_buff_scan.json	Unknown	Low
Spooky/EnsnaredDebuff	Spooky_buff_scan.json	CombatVisual	Medium
Spooky/EntityMinionBuff	Spooky_buff_scan.json	Unknown	Low
Spooky/FleshWhipCooldown	Spooky_buff_scan.json	Unknown	Low
Spooky/FleshWhipDefense	Spooky_buff_scan.json	Unknown	Low
Spooky/FleshWhipDefense2	Spooky_buff_scan.json	Unknown	Low
Spooky/FlowerArmorCooldown	Spooky_buff_scan.json	Unknown	Low
Spooky/FlyBuff	Spooky_buff_scan.json	Unknown	Low
Spooky/FlyCooldown	Spooky_buff_scan.json	Unknown	Low
Spooky/FlyPetBuff	Spooky_buff_scan.json	CombatVisual	Medium
Spooky/FuzzBatPetBuff	Spooky_buff_scan.json	CombatVisual	Medium
Spooky/GhostBanditDefense	Spooky_buff_scan.json	Stat	Medium
Spooky/GhostPepperMinionBuff	Spooky_buff_scan.json	Unknown	Low
Spooky/GhostPetBuff	Spooky_buff_scan.json	CombatVisual	Medium
Spooky/GlassEyeDebuff	Spooky_buff_scan.json	Unknown	Low
Spooky/GooseberryBoostBuff	Spooky_buff_scan.json	Stat	Medium
Spooky/GourdDecay	Spooky_buff_scan.json	CombatVisual	Medium
Spooky/GrugBuff	Spooky_buff_scan.json	Unknown	Low
Spooky/HallucinationDebuff1	Spooky_buff_scan.json	Unknown	Low
Spooky/HazmatMinionToxic	Spooky_buff_scan.json	CombatVisual	Medium
Spooky/HerobrineAltarCooldown	Spooky_buff_scan.json	Unknown	Low
Spooky/HunterScarfMark	Spooky_buff_scan.json	Unknown	Low
Spooky/InchwormBuff	Spooky_buff_scan.json	CombatVisual	Medium
Spooky/InkyCapDebuff	Spooky_buff_scan.json	CombatVisual	Medium
Spooky/KrampusBricksCooldown	Spooky_buff_scan.json	Unknown	Low
Spooky/LeechBuff	Spooky_buff_scan.json	Unknown	Low
Spooky/LeechWhipDebuff	Spooky_buff_scan.json	Unknown	Low
Spooky/LongisquamaPetBuff	Spooky_buff_scan.json	CombatVisual	Medium
Spooky/MocoPetBuff	Spooky_buff_scan.json	CombatVisual	Medium
Spooky/MonumentMythosCooldown	Spooky_buff_scan.json	Unknown	Low
Spooky/MonumentMythosShatter	Spooky_buff_scan.json	Unknown	Low
Spooky/MushroomFriendPetBuff	Spooky_buff_scan.json	CombatVisual	Medium
Spooky/NerveWhipDebuff	Spooky_buff_scan.json	Unknown	Low
Spooky/NineTailsDebuff	Spooky_buff_scan.json	Unknown	Low
Spooky/NoseBlessingBuff	Spooky_buff_scan.json	Unknown	Low
Spooky/NoseBlessingDebuff	Spooky_buff_scan.json	Unknown	Low
Spooky/NoseBlessingDebuffCooldown	Spooky_buff_scan.json	Unknown	Low
Spooky/NoseMinionBuff	Spooky_buff_scan.json	Unknown	Low
Spooky/OldHunterBuff	Spooky_buff_scan.json	Unknown	Low
Spooky/OrroboroPetBuff	Spooky_buff_scan.json	CombatVisual	Medium
Spooky/PandoraBeanBuff	Spooky_buff_scan.json	CombatVisual	Medium
Spooky/PandoraCrossCooldown	Spooky_buff_scan.json	Unknown	Low
Spooky/PandoraHandCooldown	Spooky_buff_scan.json	Unknown	Low
Spooky/PepperMinionBuff	Spooky_buff_scan.json	Unknown	Low
Spooky/PepperSpice	Spooky_buff_scan.json	CombatVisual	Medium
Spooky/PeptoDebuff	Spooky_buff_scan.json	Unknown	Low
Spooky/PetscopBuff	Spooky_buff_scan.json	CombatVisual	Medium
Spooky/PetscopMarvinBuff	Spooky_buff_scan.json	CombatVisual	Medium
Spooky/PetscopTiaraBuff	Spooky_buff_scan.json	CombatVisual	Medium
Spooky/PheromoneWhipDebuff	Spooky_buff_scan.json	Unknown	Low
Spooky/PiercedBleedDebuff	Spooky_buff_scan.json	CombatVisual	Medium
Spooky/PiercedDebuff	Spooky_buff_scan.json	Unknown	Low
Spooky/Possessed	Spooky_buff_scan.json	Unknown	Low
Spooky/PumpkinHeadBuff	Spooky_buff_scan.json	Unknown	Low
Spooky/PuttyPetBuff	Spooky_buff_scan.json	CombatVisual	Medium
Spooky/RatPetBuff	Spooky_buff_scan.json	CombatVisual	Medium
Spooky/RotGourdMinionBuff	Spooky_buff_scan.json	Unknown	Low
Spooky/RotGourdPetBuff	Spooky_buff_scan.json	CombatVisual	Medium
Spooky/SamsonCuffDebuff	Spooky_buff_scan.json	Unknown	Low
Spooky/SeaSpongeBuff	Spooky_buff_scan.json	Unknown	Low
Spooky/SentientChainKnifeBleed	Spooky_buff_scan.json	CombatVisual	Medium
Spooky/SentientHarpoonSlow	Spooky_buff_scan.json	CombatVisual	Medium
Spooky/SentientKeybrandDebuff	Spooky_buff_scan.json	Unknown	Low
Spooky/SentientLeatherWhipDebuff	Spooky_buff_scan.json	Unknown	Low
Spooky/SentientOpticStaffBuff	Spooky_buff_scan.json	Unknown	Low
Spooky/ShroomHopperBuff	Spooky_buff_scan.json	CombatVisual	Medium
Spooky/ShroomWhipDebuff	Spooky_buff_scan.json	Unknown	Low
Spooky/SinisterSnailBuff	Spooky_buff_scan.json	CombatVisual	Medium
Spooky/SkullEmojiBuff	Spooky_buff_scan.json	CombatVisual	Medium
Spooky/SkullGoopBuff	Spooky_buff_scan.json	CombatVisual	Medium
Spooky/SkullWispBuff	Spooky_buff_scan.json	Unknown	Low
Spooky/SlendermanPageBuff	Spooky_buff_scan.json	Unknown	Low
Spooky/SludgePetBuff	Spooky_buff_scan.json	CombatVisual	Medium
Spooky/SmokerCoughDebuff	Spooky_buff_scan.json	CombatVisual	Medium
Spooky/SmokerLungCooldown	Spooky_buff_scan.json	Unknown	Low
Spooky/SoulSkullBuff	Spooky_buff_scan.json	Unknown	Low
Spooky/SpearfishBleed	Spooky_buff_scan.json	CombatVisual	Medium
Spooky/SpiderArmorStealth	Spooky_buff_scan.json	Stat	Medium
Spooky/SpiderBabyBuff	Spooky_buff_scan.json	Unknown	Low
Spooky/SpiderStealthCooldown	Spooky_buff_scan.json	Unknown	Low
Spooky/SpiderWarRemoteFlyBuff	Spooky_buff_scan.json	Unknown	Low
Spooky/SpiderWarRemoteNukeBuff	Spooky_buff_scan.json	Unknown	Low
Spooky/SpookFishronMinionBuff	Spooky_buff_scan.json	Unknown	Low
Spooky/SpookySpiritPetBuff	Spooky_buff_scan.json	CombatVisual	Medium
Spooky/SteroidBuff	Spooky_buff_scan.json	Unknown	Low
Spooky/SteroidWeakness	Spooky_buff_scan.json	Unknown	Low
Spooky/StickyEyeBuff	Spooky_buff_scan.json	CombatVisual	Medium
Spooky/StitchedCloakCooldown	Spooky_buff_scan.json	Unknown	Low
Spooky/StockingMinionBuff	Spooky_buff_scan.json	Unknown	Low
Spooky/TarFlingerSlow	Spooky_buff_scan.json	CombatVisual	Medium
Spooky/Tarred	Spooky_buff_scan.json	Unknown	Low
Spooky/ThornMark	Spooky_buff_scan.json	CombatVisual	Medium
Spooky/ThornRoseBleed	Spooky_buff_scan.json	CombatVisual	Medium
Spooky/TitanoboaWhipDebuff	Spooky_buff_scan.json	Unknown	Low
Spooky/TortumorMinionBuff	Spooky_buff_scan.json	Unknown	Low
Spooky/TrapdoorSpiderMountBuff	Spooky_buff_scan.json	Unknown	Low
Spooky/TurkeyMountBuff	Spooky_buff_scan.json	Unknown	Low
Spooky/ValleyNautilusBuff	Spooky_buff_scan.json	CombatVisual	Medium
Spooky/WhipSpiderAggression	Spooky_buff_scan.json	Stat	Medium
Spooky/WingedBiomassBuff	Spooky_buff_scan.json	Unknown	Low
Spooky/YuletideArmorCooldown	Spooky_buff_scan.json	Unknown	Low
Spooky/ZombieCultistPetBuff	Spooky_buff_scan.json	CombatVisual	Medium
